date,period_3class,period_binary,loop_ratio,total_plays,unique_tracks,unique_artists,tracks_per_play,avg_ms_played,median_ms_played,std_ms_played,total_listening_minutes,night_play_ratio,morning_play_ratio,afternoon_play_ratio,evening_play_ratio,peak_hour,hour_entropy,day_of_week_num,is_weekend
2025-09-15,regular,regular,0.13333333333333333,15,13,13,0.8666666666666667,154298.8,161946.0,62859.22717492295,38.5747,0.0,0.4666666666666667,0.4666666666666667,0.06666666666666667,11,2.389898096167291,0,0
2025-09-16,regular,regular,0.15789473684210525,38,32,24,0.8421052631578947,183578.26315789475,176370.0,75740.18952284119,116.26623333333333,0.0,0.18421052631578946,0.42105263157894735,0.39473684210526316,20,2.08564115248644,1,0
2025-09-17,regular,regular,0.4126984126984127,63,37,27,0.5873015873015873,201604.82539682538,212778.0,76091.27827654983,211.68506666666667,0.0,0.15873015873015872,0.47619047619047616,0.36507936507936506,18,2.993373764041036,2,0
2025-09-18,regular,regular,0.05263157894736842,19,18,17,0.9473684210526315,135258.68421052632,144890.0,60969.92434895224,42.831916666666665,0.0,0.42105263157894735,0.5789473684210527,0.0,12,2.4187229087328608,3,0
2025-09-19,regular,regular,0.0945945945945946,74,67,39,0.9054054054054054,166362.7162162162,173505.5,75884.28162191776,205.18068333333332,0.0,0.25675675675675674,0.40540540540540543,0.33783783783783783,14,2.909878101511971,4,0
2025-09-20,regular,regular,0.0625,16,15,9,0.9375,165452.625,187372.0,95682.5019536836,44.1207,0.0,0.625,0.0,0.375,8,1.6774212846248309,5,1
2025-09-21,regular,regular,0.15789473684210525,19,16,9,0.8421052631578947,210861.31578947368,209860.0,75063.83707888804,66.77275,0.0,0.7368421052631579,0.2631578947368421,0.0,10,1.2949950755217976,6,1
2025-09-22,regular,regular,0.07692307692307693,26,24,22,0.9230769230769231,175496.88461538462,160279.0,72453.57735892793,76.04865,0.0,0.0,0.8461538461538461,0.15384615384615385,17,1.7381493339864842,0,0
2025-09-23,regular,regular,0.044444444444444446,45,43,40,0.9555555555555556,194823.66666666666,206053.0,65158.29794082605,146.11775,0.0,0.28888888888888886,0.6888888888888889,0.022222222222222223,13,2.433210399766674,1,0
2025-09-24,regular,regular,0.06896551724137931,29,27,22,0.9310344827586207,149990.10344827586,142313.0,56597.7450423758,72.49521666666666,0.0,0.06896551724137931,0.896551724137931,0.034482758620689655,12,2.383891135007023,2,0
2025-09-25,regular,regular,0.10526315789473684,38,34,27,0.8947368421052632,184601.44736842104,194855.5,67293.34625222228,116.91425,0.05263157894736842,0.3157894736842105,0.02631578947368421,0.6052631578947368,20,2.3469099909982467,3,0
2025-09-26,regular,regular,0.22522522522522523,111,86,60,0.7747747747747747,164783.9099099099,179674.0,80400.34339213751,304.85023333333334,0.0,0.14414414414414414,0.6756756756756757,0.18018018018018017,17,2.99514936479242,4,0
2025-09-27,regular,regular,0.20212765957446807,94,75,47,0.7978723404255319,205113.43617021278,209269.0,67143.28615561985,321.3443833333333,0.0,0.24468085106382978,0.3617021276595745,0.39361702127659576,19,3.2713746911309496,5,1
2025-09-28,regular,regular,0.03333333333333333,30,29,28,0.9666666666666667,165860.73333333334,163661.0,74626.47918105824,82.93036666666667,0.0,0.1,0.9,0.0,16,1.9282823817826527,6,1
2025-09-29,regular,regular,0.3333333333333333,24,16,13,0.6666666666666666,164026.70833333334,160676.5,78679.60928346167,65.61068333333333,0.5,0.125,0.16666666666666666,0.20833333333333334,5,2.419372149260932,0,0
2025-09-30,regular,regular,0.14285714285714285,21,18,16,0.8571428571428571,177143.14285714287,170091.0,76009.04062957624,62.0001,0.0,0.2857142857142857,0.6190476190476191,0.09523809523809523,14,2.7918583531871892,1,0
2025-10-01,regular,regular,0.0,12,12,11,1.0,163896.66666666666,184130.0,81271.7219202275,32.779333333333334,0.16666666666666666,0.5,0.08333333333333333,0.25,7,1.9591479177783757,2,0
2025-10-02,regular,regular,0.16666666666666666,24,20,18,0.8333333333333334,115109.70833333333,76525.0,87812.8415430668,46.04388333333333,0.0,0.5,0.5,0.0,16,2.231612256559824,3,0
2025-10-03,regular,regular,0.09523809523809523,42,38,32,0.9047619047619048,168305.02380952382,163479.0,83865.1817486323,117.81351666666667,0.16666666666666666,0.35714285714285715,0.4523809523809524,0.023809523809523808,11,2.9171924953071353,4,0
2025-10-04,regular,regular,0.0,34,34,24,1.0,147630.4411764706,138193.5,54754.465305215715,83.65725,0.0,0.20588235294117646,0.7352941176470589,0.058823529411764705,16,1.8873719633105632,5,1
2025-10-05,regular,regular,0.0958904109589041,73,66,41,0.9041095890410958,207771.24657534246,208803.0,70348.05352372759,252.78835,0.0,0.4657534246575342,0.4520547945205479,0.0821917808219178,15,3.071202367267703,6,1
2025-10-06,regular,regular,0.27586206896551724,29,21,21,0.7241379310344828,195281.7931034483,212778.0,70127.95027273837,94.3862,0.034482758620689655,0.13793103448275862,0.7241379310344828,0.10344827586206896,14,2.3213077954754637,0,0
2025-10-07,regular,regular,0.08333333333333333,12,11,10,0.9166666666666666,170680.83333333334,194355.0,83446.00921753737,34.13616666666667,0.25,0.3333333333333333,0.3333333333333333,0.08333333333333333,8,2.1258145844404575,1,0
2025-10-08,regular,regular,0.4074074074074074,54,32,22,0.5925925925925926,170518.07407407407,164000.0,70081.81060970124,153.46626666666666,0.0,0.37037037037037035,0.5185185185185185,0.1111111111111111,17,2.8302145346887233,2,0
2025-10-09,regular,regular,0.0,12,12,11,1.0,118961.16666666667,96298.5,70091.1942982249,23.792233333333332,0.0,1.0,0.0,0.0,8,1.2806721303635207,3,0
2025-10-10,regular,regular,0.04878048780487805,41,39,32,0.9512195121951219,172324.60975609755,182088.0,82372.77465063261,117.75515,0.12195121951219512,0.0975609756097561,0.36585365853658536,0.4146341463414634,18,2.422461848478241,4,0
2025-10-11,regular,regular,0.047619047619047616,21,20,13,0.9523809523809523,166559.90476190476,178206.0,49246.68380906958,58.295966666666665,0.0,0.7142857142857143,0.2857142857142857,0.0,10,1.3012407862877886,5,1
2025-10-12,regular,regular,0.0,8,8,8,1.0,162722.625,163933.0,79569.00147479813,21.69635,0.0,0.0,0.0,1.0,21,0.5435644440984718,6,1
2025-10-13,regular,regular,0.1111111111111111,9,8,8,0.8888888888888888,136367.55555555556,146827.0,66559.17709848715,20.455133333333333,0.0,0.6666666666666666,0.0,0.3333333333333333,8,2.197159724168493,0,0
2025-10-14,regular,regular,0.013888888888888888,72,71,43,0.9861111111111112,187459.09722222222,189486.5,70096.79830167243,224.95091666666667,0.0,0.1527777777777778,0.3194444444444444,0.5277777777777778,20,2.6812245610991643,1,0
2025-10-15,regular,regular,0.0625,16,15,12,0.9375,175798.25,191971.5,76661.13494289876,46.879533333333335,0.0625,0.0625,0.4375,0.4375,15,2.0612781251719974,2,0
2025-10-16,regular,regular,0.03333333333333333,30,29,17,0.9666666666666667,220655.86666666667,237474.5,104386.75597581346,110.32793333333333,0.0,0.0,0.06666666666666667,0.9333333333333333,19,1.6183203717327228,3,0
2025-10-17,regular,regular,0.0,7,7,5,1.0,180101.85714285713,184597.0,75381.41288016246,21.011883333333333,0.2857142857142857,0.14285714285714285,0.0,0.5714285714285714,6,1.9502120657022877,4,0
2025-10-18,regular,regular,0.3333333333333333,30,20,20,0.6666666666666666,105228.4,100264.0,62902.79807525697,52.6142,0.16666666666666666,0.6,0.23333333333333334,0.0,11,2.8430190308283527,5,1
2025-10-19,regular,regular,0.0,5,5,5,1.0,121038.4,92800.0,82469.41691196804,10.086533333333334,0.0,1.0,0.0,0.0,7,0.7219280957814082,6,1
2025-10-20,regular,regular,0.09302325581395349,43,39,29,0.9069767441860465,178600.18604651163,170919.0,74228.61746153081,127.9968,0.0,0.37209302325581395,0.5348837209302325,0.09302325581395349,13,2.0923520475937254,0,0
2025-10-21,regular,regular,0.07692307692307693,26,24,18,0.9230769230769231,140692.07692307694,138865.0,59621.60272312249,60.966566666666665,0.0,0.038461538461538464,0.9615384615384616,0.0,14,1.3491826440577614,1,0
2025-10-22,regular,regular,0.25,20,15,12,0.75,139307.2,127415.0,79181.6439457902,46.43573333333333,0.0,0.0,0.75,0.25,15,2.5709505951166634,2,0
2025-10-23,regular,regular,0.16666666666666666,6,5,5,0.8333333333333334,113412.33333333333,100152.5,81560.31755373851,11.341233333333333,0.0,0.0,0.6666666666666666,0.3333333333333333,15,2.251629168130519,3,0
2025-10-24,regular,regular,0.0,14,14,11,1.0,169598.0,167258.0,81407.43273190723,39.57286666666667,0.0,0.5,0.42857142857142855,0.07142857142857142,13,1.7884504581005427,4,0
2025-10-25,regular,regular,0.2727272727272727,11,8,8,0.7272727272727273,133770.27272727274,107302.0,71136.83659692903,24.52455,0.0,0.7272727272727273,0.2727272727272727,0.0,11,2.0403733944373132,5,1
2025-10-26,regular,regular,0.04,25,24,18,0.96,200137.68,222866.0,70974.26516216988,83.3907,0.0,0.24,0.4,0.36,16,2.0401128333319445,6,1
2025-10-27,regular,regular,0.09090909090909091,66,60,35,0.9090909090909091,161491.45454545456,167572.5,62679.8690696639,177.6406,0.0,0.24242424242424243,0.30303030303030304,0.45454545454545453,20,3.1451312082826735,0,0
2025-10-28,regular,regular,0.07692307692307693,52,48,29,0.9230769230769231,174365.8076923077,180190.5,65840.53104163609,151.11703333333332,0.0,0.38461538461538464,0.36538461538461536,0.25,20,3.1547128639340074,1,0
2025-10-29,regular,regular,0.09523809523809523,21,19,15,0.9047619047619048,174035.7142857143,166959.0,71472.83123197434,60.9125,0.0,0.09523809523809523,0.7619047619047619,0.14285714285714285,14,2.332263855443514,2,0
2025-10-30,regular,regular,0.2926829268292683,41,29,26,0.7073170731707317,149968.68292682926,161423.0,73525.46908671819,102.4786,0.0,0.4146341463414634,0.3902439024390244,0.1951219512195122,10,3.05219820284198,3,0
2025-10-31,regular,regular,0.09375,32,29,22,0.90625,139930.8125,138001.0,62838.7704184737,74.62976666666667,0.21875,0.625,0.15625,0.0,11,2.1559459103409546,4,0
2025-11-01,regular,regular,0.25,28,21,12,0.75,168722.85714285713,176378.0,68189.7189832593,78.73733333333334,0.0,0.0,0.8928571428571429,0.10714285714285714,13,1.7681938950758007,5,1
2025-11-02,regular,regular,0.2857142857142857,7,5,5,0.7142857142857143,164539.14285714287,134547.0,96550.95726511221,19.196233333333332,0.0,0.42857142857142855,0.5714285714285714,0.0,12,1.8423709939676525,6,1
2025-11-03,regular,regular,0.16666666666666666,18,15,9,0.8333333333333334,152918.66666666666,169259.5,64089.05099937118,45.8756,0.0,0.16666666666666666,0.8333333333333334,0.0,12,1.8380267549171145,0,0
2025-11-04,pre_exam,exam_period,0.21739130434782608,23,18,16,0.782608695652174,166350.26086956522,181418.0,50278.31476909069,63.7676,0.043478260869565216,0.21739130434782608,0.7391304347826086,0.0,16,2.400565373066644,1,0
2025-11-05,pre_exam,exam_period,0.391304347826087,23,14,13,0.6086956521739131,151722.0,128939.0,76071.60126605604,58.1601,0.0,0.21739130434782608,0.6521739130434783,0.13043478260869565,16,2.733941980211974,2,0
2025-11-06,pre_exam,exam_period,0.1111111111111111,36,32,26,0.8888888888888888,179327.16666666666,171650.0,96551.11281877002,107.5963,0.0,0.19444444444444445,0.7222222222222222,0.08333333333333333,15,2.6132833348859332,3,0
2025-11-07,exam_day,exam_period,0.2,30,24,11,0.8,165235.6,179731.0,84169.00270600893,82.6178,0.5,0.5,0.0,0.0,4,2.236452798367901,4,0
2025-11-08,exam_day,exam_period,0.42105263157894735,38,22,15,0.5789473684210527,169292.0,178958.5,76281.32302633881,107.21826666666666,0.0,0.5,0.34210526315789475,0.15789473684210525,7,2.5853677274981752,5,1
2025-11-09,exam_day,exam_period,0.6923076923076923,13,4,4,0.3076923076923077,143660.53846153847,136529.0,56943.99740039241,31.12645,0.15384615384615385,0.5384615384615384,0.3076923076923077,0.0,8,2.6612262569288525,6,1
2025-11-10,regular,regular,0.2727272727272727,44,32,24,0.7272727272727273,195663.22727272726,200062.0,78183.28944214138,143.48636666666667,0.0,0.1590909090909091,0.6590909090909091,0.18181818181818182,15,2.8221793460653006,0,0
2025-11-11,regular,regular,0.32142857142857145,56,38,26,0.6785714285714286,166212.0,173923.5,67858.94433388344,155.1312,0.0,0.19642857142857142,0.7321428571428571,0.07142857142857142,15,2.977971494428443,1,0
2025-11-12,regular,regular,0.3333333333333333,42,28,22,0.6666666666666666,168192.7380952381,196350.5,67665.87396045492,117.73491666666666,0.0,0.30952380952380953,0.5238095238095238,0.16666666666666666,13,2.9385400417883294,2,0
2025-11-13,regular,regular,0.05555555555555555,54,51,34,0.9444444444444444,154219.5,162767.0,64712.36187312369,138.79755,0.0,0.18518518518518517,0.3148148148148148,0.5,21,2.9959264037512705,3,0
2025-11-14,regular,regular,0.1346153846153846,52,45,36,0.8653846153846154,147923.13461538462,140842.0,58812.72651825398,128.20005,0.15384615384615385,0.28846153846153844,0.5576923076923077,0.0,8,2.3359837688358405,4,0
2025-11-15,regular,regular,0.0,19,19,12,1.0,171418.15789473685,185455.0,52142.835816910076,54.28241666666667,0.0,0.05263157894736842,0.8421052631578947,0.10526315789473684,12,2.0418145162508847,5,1
2025-11-16,pre_exam,exam_period,0.0,7,7,7,1.0,205024.7142857143,212938.0,32647.160038377435,23.91955,0.0,0.14285714285714285,0.7142857142857143,0.14285714285714285,17,1.6644977799958591,6,1
2025-11-17,pre_exam,exam_period,0.06896551724137931,29,27,19,0.9310344827586207,171732.0,190074.0,78267.25210776216,83.0038,0.0,0.20689655172413793,0.5862068965517241,0.20689655172413793,14,2.6877845484900362,0,0
2025-11-18,pre_exam,exam_period,0.0625,32,30,11,0.9375,226885.78125,232182.0,82845.92246073406,121.00575,0.0,0.0625,0.875,0.0625,12,2.2993004885587327,1,0
2025-11-19,exam_day,exam_period,0.20833333333333334,24,19,15,0.7916666666666666,179484.79166666666,185270.0,68993.40283520444,71.79391666666666,0.0,0.2916666666666667,0.7083333333333334,0.0,13,1.8824373415578586,2,0
2025-11-20,pre_exam,exam_period,0.18421052631578946,38,31,20,0.8157894736842105,196150.36842105264,199155.0,79624.59783170397,124.22856666666667,0.0,0.47368421052631576,0.4473684210526316,0.07894736842105263,11,2.9130648227244804,3,0
2025-11-21,pre_exam,exam_period,0.1794871794871795,39,32,20,0.8205128205128205,181238.46153846153,190072.0,71243.89725806848,117.805,0.0,0.07692307692307693,0.9230769230769231,0.0,12,2.2719204904576036,4,0
2025-11-22,exam_day,exam_period,0.15,40,34,30,0.85,190915.075,204162.5,75529.74054496085,127.27671666666667,0.0,0.8,0.025,0.175,8,2.3981353605416,5,1
2025-11-23,regular,regular,0.07142857142857142,14,13,11,0.9285714285714286,156239.35714285713,148480.0,65541.61004173331,36.45585,0.0,0.9285714285714286,0.0,0.07142857142857142,10,1.5744174279388892,6,1
2025-11-24,regular,regular,0.0,3,3,3,1.0,130948.0,158205.0,76486.17059965809,6.5474,0.0,1.0,0.0,0.0,8,9.500345272644384e-10,0,0
2025-11-25,regular,regular,0.21212121212121213,33,26,18,0.7878787878787878,152288.60606060605,147452.0,87954.3191278644,83.75873333333334,0.0,0.3333333333333333,0.6666666666666666,0.0,10,2.8492861836463983,1,0
2025-11-26,regular,regular,0.16,50,42,34,0.84,185581.16,206903.5,65761.01441641482,154.65096666666668,0.02,0.2,0.54,0.24,14,2.4912809942354963,2,0
2025-11-27,regular,regular,0.0,11,11,10,1.0,155250.0909090909,139327.0,62384.497164687564,28.462516666666666,0.0,0.36363636363636365,0.6363636363636364,0.0,14,0.945660305488784,3,0
2025-11-28,regular,regular,0.03333333333333333,30,29,23,0.9666666666666667,193208.66666666666,206573.0,69535.0349349326,96.60433333333333,0.0,0.7666666666666667,0.1,0.13333333333333333,8,2.074627699296591,4,0
2025-11-29,regular,regular,0.08333333333333333,12,11,11,0.9166666666666666,153414.5,138547.5,51539.77982014563,30.6829,0.0,0.16666666666666666,0.8333333333333334,0.0,15,0.6500224225443297,5,1
2025-11-30,regular,regular,0.0,3,3,3,1.0,107652.33333333333,102699.0,28427.5225324567,5.382616666666666,0.0,0.3333333333333333,0.0,0.6666666666666666,21,0.9182958349433488,6,1
2025-12-01,regular,regular,0.1,10,9,9,0.9,152330.8,152854.5,101206.17698408202,25.388466666666666,0.0,0.5,0.2,0.3,9,2.4464393453721525,0,0
2025-12-02,regular,regular,0.0,6,6,5,1.0,230140.0,236160.0,30708.245785130744,23.014,0.0,1.0,0.0,0.0,10,0.6500224225443298,1,0
2025-12-03,regular,regular,0.0,21,21,19,1.0,209430.80952380953,217920.0,98038.28296824616,73.30078333333333,0.0,0.2857142857142857,0.6666666666666666,0.047619047619047616,12,1.5099686134370935,2,0
2025-12-04,regular,regular,0.1,30,27,25,0.9,167750.16666666666,184932.0,85200.5225182631,83.87508333333334,0.0,0.9666666666666667,0.03333333333333333,0.0,11,1.9974168458543615,3,0
2025-12-05,regular,regular,0.16393442622950818,61,51,39,0.8360655737704918,137158.68852459016,134832.0,85997.07893673696,139.44466666666668,0.0,0.21311475409836064,0.04918032786885246,0.7377049180327869,18,2.3112564444416552,4,0
2025-12-06,regular,regular,0.30434782608695654,23,16,14,0.6956521739130435,151782.86956521738,161533.0,80411.26109190991,58.18343333333333,0.0,0.5217391304347826,0.34782608695652173,0.13043478260869565,9,2.229871195766146,5,1
2025-12-07,regular,regular,0.08333333333333333,12,11,9,0.9166666666666666,195540.41666666666,152673.0,102366.6739284531,39.10808333333333,0.0,0.3333333333333333,0.6666666666666666,0.0,14,2.054585170086318,6,1
2025-12-08,regular,regular,0.11538461538461539,52,46,36,0.8846153846153846,172609.3076923077,177526.5,63364.319536588104,149.59473333333332,0.0,0.2692307692307692,0.6923076923076923,0.038461538461538464,12,2.8379042584901075,0,0
2025-12-09,regular,regular,0.1,30,27,24,0.9,179774.8,181486.5,64647.72980754209,89.8874,0.0,0.03333333333333333,0.6333333333333333,0.3333333333333333,14,2.5092889033729096,1,0
2025-12-10,pre_exam,exam_period,0.11904761904761904,42,37,30,0.8809523809523809,166638.95238095237,179218.0,73410.27667141221,116.64726666666667,0.0,0.0,1.0,0.0,14,1.8859608570308435,2,0
2025-12-11,pre_exam,exam_period,0.25,44,33,22,0.75,126582.06818181818,113777.5,59771.38562089519,92.82685,0.0,0.4090909090909091,0.5909090909090909,0.0,15,2.7768855996310067,3,0
2025-12-12,pre_exam,exam_period,0.22727272727272727,44,34,24,0.7727272727272727,175712.95454545456,191938.0,71562.68666747813,128.85616666666667,0.022727272727272728,0.38636363636363635,0.38636363636363635,0.20454545454545456,12,3.0102357465809217,4,0
2025-12-13,exam_day,exam_period,0.14814814814814814,54,46,41,0.8518518518518519,172676.11111111112,166079.0,76557.39098506591,155.4085,0.018518518518518517,0.25925925925925924,0.7222222222222222,0.0,14,2.8620541803655217,5,1
2025-12-14,regular,regular,0.045454545454545456,22,21,16,0.9545454545454546,148486.63636363635,169293.0,71705.47461701895,54.4451,0.0,0.2727272727272727,0.7272727272727273,0.0,15,1.4769092857948325,6,1
2025-12-15,regular,regular,0.1,30,27,17,0.9,204509.06666666668,199032.0,54574.73214866795,102.25453333333333,0.0,0.4666666666666667,0.26666666666666666,0.26666666666666666,7,2.7213028823873424,0,0
2025-12-16,regular,regular,0.18181818181818182,11,9,8,0.8181818181818182,161085.45454545456,161533.0,66087.83697529166,29.532333333333334,0.0,0.09090909090909091,0.8181818181818182,0.09090909090909091,17,2.0403733944373132,1,0
2025-12-17,pre_exam,exam_period,0.375,16,10,8,0.625,170303.875,194364.0,60954.39362001178,45.414366666666666,0.0,0.4375,0.5,0.0625,12,2.7806390628495548,2,0
2025-12-18,pre_exam,exam_period,0.14285714285714285,7,6,6,0.8571428571428571,154925.14285714287,163850.0,81215.37001583829,18.0746,0.0,0.42857142857142855,0.5714285714285714,0.0,13,2.521640637042148,3,0
2025-12-19,pre_exam,exam_period,0.2,25,20,16,0.8,168271.68,171653.0,70886.75338566439,70.1132,0.0,0.08,0.84,0.08,17,2.1454513999870093,4,0
2025-12-20,exam_day,exam_period,0.4,10,6,6,0.6,177250.5,213737.5,59099.79574179781,29.54175,0.0,1.0,0.0,0.0,9,1.3609640482840841,5,1
2025-12-21,regular,regular,0.3333333333333333,30,20,17,0.6666666666666666,175443.0,194909.0,72675.59966373004,87.7215,0.0,0.36666666666666664,0.6333333333333333,0.0,13,2.0892464292217925,6,1
2025-12-22,regular,regular,0.3181818181818182,44,30,29,0.6818181818181818,183058.11363636365,188883.0,78559.43293714251,134.24261666666666,0.0,0.22727272727272727,0.7045454545454546,0.06818181818181818,15,2.7633136536635736,0,0
2025-12-23,pre_exam,exam_period,0.09090909090909091,22,20,15,0.9090909090909091,186524.5909090909,200478.0,90108.5795051932,68.39235,0.0,0.5454545454545454,0.36363636363636365,0.09090909090909091,11,2.442862165821346,1,0
2025-12-24,pre_exam,exam_period,0.13333333333333333,30,26,19,0.8666666666666667,184721.13333333333,200040.0,67349.19450391695,92.36056666666667,0.0,0.23333333333333334,0.7333333333333333,0.03333333333333333,15,2.506448313994766,2,0
2025-12-25,pre_exam,exam_period,0.1590909090909091,44,37,28,0.8409090909090909,173591.25,178706.5,74987.13558171161,127.30025,0.0,0.6363636363636364,0.29545454545454547,0.06818181818181818,10,2.728636666533259,3,0
2025-12-27,regular,regular,0.08695652173913043,23,21,17,0.9130434782608695,133373.47826086957,91860.0,92026.66447229974,51.1265,0.0,0.34782608695652173,0.34782608695652173,0.30434782608695654,15,1.9141701120193295,5,1
2025-12-28,regular,regular,0.17647058823529413,51,42,35,0.8235294117647058,155474.21568627452,140530.0,76415.66130926664,132.15308333333334,0.0,0.35294117647058826,0.5490196078431373,0.09803921568627451,15,3.0585807187498792,6,1
2025-12-29,regular,regular,0.0625,16,15,15,0.9375,123782.375,93844.5,71013.80922597613,33.008633333333336,0.0,0.125,0.375,0.5,18,2.3522170021666273,0,0
2025-12-30,regular,regular,0.08695652173913043,23,21,19,0.9130434782608695,157493.1739130435,159077.0,81533.29595082454,60.37238333333333,0.0,0.2608695652173913,0.6521739130434783,0.08695652173913043,15,2.642643481514584,1,0
2025-12-31,regular,regular,0.0,8,8,8,1.0,162274.75,151074.0,76459.35738818556,21.636633333333332,0.375,0.625,0.0,0.0,7,1.4056390630686684,2,0
2026-01-01,regular,regular,0.20454545454545456,44,35,29,0.7954545454545454,145771.95454545456,146438.0,52916.37265642993,106.89943333333333,0.06818181818181818,0.045454545454545456,0.38636363636363635,0.5,19,3.168659175481162,3,0
2026-01-02,regular,regular,0.125,40,35,25,0.875,162223.525,162203.5,74603.05747669566,108.14901666666667,0.0,0.125,0.65,0.225,18,2.9435423977234,4,0
2026-01-03,regular,regular,0.23076923076923078,13,10,9,0.7692307692307693,147034.38461538462,158650.0,59160.118590058155,31.85745,0.0,0.3076923076923077,0.6153846153846154,0.07692307692307693,10,1.8542858727776619,5,1
2026-01-04,regular,regular,0.06521739130434782,46,43,41,0.9347826086956522,161799.6739130435,165523.0,73620.38572691803,124.04641666666667,0.0,0.21739130434782608,0.6739130434782609,0.10869565217391304,8,2.6497776537660154,6,1
2026-01-05,pre_exam,exam_period,0.07142857142857142,42,39,31,0.9285714285714286,182558.59523809524,198535.5,78482.42296241678,127.79101666666666,0.0,0.21428571428571427,0.23809523809523808,0.5476190476190477,20,2.2660562589902273,0,0
2026-01-06,pre_exam,exam_period,0.13793103448275862,29,25,14,0.8620689655172413,167880.37931034484,171291.0,84339.77418429652,81.14218333333334,0.0,0.6551724137931034,0.3103448275862069,0.034482758620689655,11,3.0635292708983712,1,0
2026-01-07,pre_exam,exam_period,0.1276595744680851,47,41,22,0.8723404255319149,162553.89361702127,174583.0,64810.65059790111,127.33388333333333,0.0,0.1702127659574468,0.7021276595744681,0.1276595744680851,16,2.6988357084056993,2,0
2026-01-08,exam_day,exam_period,0.041666666666666664,24,23,18,0.9583333333333334,187819.91666666666,181340.0,94607.83285244532,75.12796666666667,0.25,0.4166666666666667,0.16666666666666666,0.16666666666666666,7,2.218546354784952,3,0
2026-01-09,pre_exam,exam_period,0.2727272727272727,22,16,12,0.7272727272727273,145133.77272727274,140224.0,84505.73994645731,53.215716666666665,0.0,0.5454545454545454,0.36363636363636365,0.09090909090909091,10,2.7499025067134526,4,0
2026-01-10,pre_exam,exam_period,0.08333333333333333,24,22,19,0.9166666666666666,141489.91666666666,116779.0,65704.96230145963,56.59596666666667,0.0,0.375,0.16666666666666666,0.4583333333333333,11,2.0459751277390796,5,1
2026-01-11,exam_day,exam_period,0.08133971291866028,209,192,72,0.9186602870813397,117013.64114832536,79356.0,66828.01810841386,407.59751666666665,0.019138755980861243,0.14354066985645933,0.1674641148325359,0.6698564593301436,22,3.2608951007061346,6,1
2026-01-12,pre_exam,exam_period,0.1424731182795699,372,319,33,0.8575268817204301,85249.47043010753,73846.0,39776.67728553794,528.5467166666666,0.8924731182795699,0.026881720430107527,0.051075268817204304,0.02956989247311828,5,3.312858506565439,0,0
2026-01-13,pre_exam,exam_period,0.025477707006369428,157,153,20,0.9745222929936306,83587.45222929936,74323.0,37058.71287192346,218.7205,0.0,0.01910828025477707,0.03821656050955414,0.9426751592356688,23,2.1134836485369393,1,0
2026-01-14,exam_day,exam_period,0.08759124087591241,137,125,54,0.9124087591240876,141785.72262773724,96920.0,91215.70870128885,323.74406666666664,0.45985401459854014,0.20437956204379562,0.08759124087591241,0.24817518248175183,0,3.186789471318065,2,0
2026-01-15,regular,regular,0.0,17,17,15,1.0,129796.82352941176,100666.0,72602.5821564179,36.77576666666667,0.0,0.5882352941176471,0.35294117647058826,0.058823529411764705,10,1.726347225101744,3,0
2026-01-16,regular,regular,0.0,22,22,18,1.0,173680.45454545456,182187.5,59548.62195496996,63.682833333333335,0.0,0.8181818181818182,0.045454545454545456,0.13636363636363635,10,1.7080986642607494,4,0
2026-01-17,regular,regular,0.02702702702702703,37,36,25,0.972972972972973,139421.1891891892,150000.0,67058.08272180411,85.9764,0.0,0.7837837837837838,0.08108108108108109,0.13513513513513514,10,2.2125134248705383,5,1
2026-01-18,regular,regular,0.06666666666666667,15,14,13,0.9333333333333333,132713.8,139806.0,51287.42391129762,33.17845,0.0,0.6,0.4,0.0,14,2.0662478980611647,6,1
2026-01-19,regular,regular,0.10588235294117647,85,76,38,0.8941176470588236,189773.28235294117,169412.0,112414.31033549529,268.84548333333333,0.0,0.3176470588235294,0.6235294117647059,0.058823529411764705,13,2.633428860717526,0,0
2026-01-20,regular,regular,0.06779661016949153,118,110,76,0.9322033898305084,183818.24576271186,191273.5,57789.411136645795,361.50921666666665,0.0,0.4067796610169492,0.5932203389830508,0.0,15,3.0214698333997023,1,0
2026-01-21,regular,regular,0.011904761904761904,84,83,36,0.9880952380952381,141464.11904761905,137102.5,67586.2803689191,198.04976666666667,0.0,0.05952380952380952,0.6785714285714286,0.2619047619047619,17,2.2967799663104684,2,0
2026-01-22,regular,regular,0.0,15,15,13,1.0,187927.86666666667,198029.0,65845.11336013876,46.981966666666665,0.0,0.06666666666666667,0.9333333333333333,0.0,12,1.5628066324920185,3,0
2026-01-23,regular,regular,0.16666666666666666,18,15,14,0.8333333333333334,204117.11111111112,227573.5,63398.17144318809,61.23513333333333,0.0,0.3333333333333333,0.2777777777777778,0.3888888888888889,22,2.816340114437025,4,0
2026-01-24,regular,regular,0.13114754098360656,61,53,31,0.8688524590163934,190464.62295081967,193168.0,73465.28364045244,193.63903333333334,0.0,0.08196721311475409,0.3442622950819672,0.5737704918032787,19,2.808358169022582,5,1
2026-01-25,regular,regular,0.01282051282051282,78,77,48,0.9871794871794872,145525.53846153847,142634.5,60528.4246356629,189.1832,0.0,0.358974358974359,0.5769230769230769,0.0641025641025641,11,2.6953411814951433,6,1
2026-01-26,regular,regular,0.027777777777777776,72,70,29,0.9722222222222222,240308.91666666666,231448.0,76745.31801670975,288.3707,0.0,0.0,0.1111111111111111,0.8888888888888888,19,2.5508477919262567,0,0
2026-01-27,regular,regular,0.04081632653061224,49,47,22,0.9591836734693877,205928.22448979592,214120.0,51499.186093190394,168.17471666666665,0.0,0.02040816326530612,0.3469387755102041,0.6326530612244898,21,2.6948187741187684,1,0
2026-01-28,regular,regular,0.1797752808988764,89,73,39,0.8202247191011236,173955.7191011236,173987.0,68000.04523009673,258.03431666666665,0.0,0.16853932584269662,0.19101123595505617,0.6404494382022472,19,2.8512509654427616,2,0
2026-01-29,regular,regular,0.05714285714285714,70,66,40,0.9428571428571428,168294.6,179320.5,67100.13905845328,196.3437,0.0,0.14285714285714285,0.37142857142857144,0.4857142857142857,18,2.497535626288984,3,0
2026-01-30,regular,regular,0.2631578947368421,19,14,10,0.7368421052631579,155639.52631578947,149345.0,64473.84496261377,49.28585,0.0,0.15789473684210525,0.42105263157894735,0.42105263157894735,17,2.780858936120107,4,0
2026-01-31,regular,regular,0.02857142857142857,35,34,27,0.9714285714285714,164251.48571428572,145588.0,78164.05231734666,95.81336666666667,0.0,0.11428571428571428,0.4857142857142857,0.4,18,2.942730874261722,5,1
